position,A,C,D,E,F,G,H,I,K,L,M,N,P,Q,R,S,T,V,W,Y
1,0.10773993283510208,0.020304813981056213,0.0067053125239908695,0.014613659121096134,0.06398019194602966,0.08031513541936874,0.026016607880592346,0.05952836200594902,0.05791539326310158,0.12275992333889008,0.016230517998337746,0.048874225467443466,0.0029410431161522865,0.02758009359240532,0.03836730495095253,0.08574455231428146,0.07035445421934128,0.07683820277452469,0.0067970650270581245,0.06639310717582703
2,0.017446143552660942,0.0026959481183439493,0.002824052469804883,0.0015927740605548024,0.007619693875312805,0.003424163209274411,0.0006209107232280076,0.15457260608673096,0.001611171173863113,0.6220418810844421,0.03434368595480919,0.002431798493489623,0.0011186714982613921,0.02198702283203602,0.0006633195444010198,0.006640838924795389,0.03219547122716904,0.0847068727016449,0.0008165501058101654,0.0006464564357884228
3,0.1283397078514099,0.02276553399860859,0.06813497096300125,0.038307689130306244,0.047395799309015274,0.013048632070422173,0.01709798164665699,0.050181735306978226,0.01173880323767662,0.21356737613677979,0.026136081665754318,0.032299067825078964,0.02470034919679165,0.07569307088851929,0.005099149886518717,0.04552900418639183,0.047801800072193146,0.07074882090091705,0.03940988704562187,0.022004632279276848
4,0.07911418378353119,0.028504500165581703,0.10264081507921219,0.14200152456760406,0.018246358260512352,0.0979379415512085,0.03345920518040657,0.022175544872879982,0.062135111540555954,0.03217163681983948,0.007939379662275314,0.07724805176258087,0.05882295221090317,0.042928311973810196,0.020620735362172127,0.06652279943227768,0.047668542712926865,0.03228800371289253,0.010676351375877857,0.01689799129962921
5,0.05086439847946167,0.020856758579611778,0.04040154814720154,0.05612185224890709,0.06913013756275177,0.03818005695939064,0.0449109710752964,0.09136882424354553,0.08469759672880173,0.12843652069568634,0.017267823219299316,0.04060008004307747,0.010521337389945984,0.03004736825823784,0.04745950922369957,0.0327141173183918,0.035166140645742416,0.09125039726495743,0.03248170390725136,0.037522945553064346
6,0.01570170372724533,0.018798572942614555,0.008186761289834976,0.011817820370197296,0.04544105753302574,0.006961530540138483,0.005697017535567284,0.17317338287830353,0.010852980427443981,0.36948904395103455,0.012113576754927635,0.016550743952393532,0.04029564931988716,0.014834110625088215,0.00824445765465498,0.010327729396522045,0.03974742442369461,0.17495155334472656,0.004094995092600584,0.01271988358348608
7,0.07111679762601852,0.021163014695048332,0.020669423043727875,0.0948484018445015,0.06600641459226608,0.0017439950024709105,0.06261447817087173,0.06322979182004929,0.016537949442863464,0.09198933094739914,0.02066914550960064,0.019053515046834946,0.12247704714536667,0.04808003455400467,0.014916902408003807,0.03236794099211693,0.05250189080834389,0.09464870393276215,0.0492088608443737,0.03615632280707359
8,0.06814360618591309,0.012355444952845573,0.012226426973938942,0.10610684007406235,0.04541005566716194,0.048457928001880646,0.043421708047389984,0.009215491823852062,0.08449431508779526,0.09708759188652039,0.013887256383895874,0.04767991229891777,0.00261501781642437,0.084378682076931,0.06827214360237122,0.0691644474864006,0.10326842218637466,0.031120797619223595,0.002301088534295559,0.050392840057611465
9,0.03502580150961876,0.0015452427323907614,0.00018918621935881674,0.0003335791116114706,0.002091345377266407,0.00019058385805692524,0.00019186442659702152,0.0957169234752655,0.001102122594602406,0.4222809672355652,0.005928352940827608,0.0002058608952211216,0.00006311673496384174,0.0002231600519735366,0.0005684305215254426,0.00020358871552161872,0.0017803284572437406,0.43212854862213135,0.00005864612467121333,0.00017248911899514496
